,2025-07-16,05:39:14,James,abc
1,2025-07-16,17:40:10,James,FIN
123,2025-07-16,17:46:51,James,FIN
1234,2025-07-16,17:40:18,James,FIN
,2025-07-16,05:39:14,James,abc
1,2025-07-16,17:40:10,James,FIN
123,2025-07-16,17:46:51,James,FIN
1234,2025-07-16,17:40:18,James,FIN
,2025-07-16,05:39:14,James,abc
1,2025-07-16,17:40:10,James,FIN
123,2025-07-16,17:46:51,James,FIN
1234,2025-07-16,17:40:18,James,FIN
,2025-07-16,05:39:14,James,abc
1,2025-07-16,17:40:10,James,FIN
123,2025-07-16,17:46:51,James,FIN
1234,2025-07-16,17:40:18,James,FIN
,2025-07-16,05:39:14,James,abc
1,2025-07-16,17:40:10,James,FIN
123,2025-07-16,17:46:51,James,FIN
1234,2025-07-16,17:40:18,James,FIN
